VPNID,Language,Time,total_arg_score
AA_PLF_1,Sco,1,14
AA_PLF_1,Sco,2,14
AA_PLF_10,Sco,1,11
AA_PLF_10,Sco,2,11
AA_PLF_11,Sco,1,8
AA_PLF_11,Sco,3,13
AA_PLF_12,Sco,1,6
AA_PLF_12,Sco,2,4
AA_PLF_12,Sco,3,12
AA_PLF_13,Sco,1,15
AA_PLF_13,Sco,2,18
AA_PLF_13,Sco,3,19
AA_PLF_2,Sco,1,15
AA_PLF_2,Sco,2,12
AA_PLF_3,Sco,1,4
AA_PLF_4,Sco,3,18
AA_PLF_5,Sco,1,9
AA_PLF_5,Sco,2,12
AA_PLF_6,Sco,1,14
AA_PLF_6,Sco,2,17
AA_PLF_6,Sco,3,19
AA_PLF_7,Sco,1,7
AA_PLF_7,Sco,2,7
AA_PLF_7,Sco,3,16
AA_PLF_8,Sco,1,13
AA_PLF_8,Sco,2,8
AA_PLF_8,Sco,3,19
AA_PLF_9,Sco,1,7
AA_PLF_9,Sco,3,15
AB_PLD_1,Sco,1,9
AB_PLD_1,Sco,2,12
AB_PLD_1,Sco,3,8
AB_PLD_2,Sco,1,13
AB_PLD_2,Sco,2,15
AB_PLD_2,Sco,3,15
AB_PLD_3,Sco,1,9
AB_PLD_3,Sco,2,8
AB_PLD_3,Sco,3,11
AB_PLD_4,Sco,1,13
AB_PLD_5,Sco,1,9
AB_PLD_5,Sco,2,14
AB_PLD_5,Sco,3,14
AB_PLD_6,Sco,1,9
AB_PLD_6,Sco,2,16
AB_PLD_7,Sco,1,12
AB_PLD_7,Sco,2,11
AB_PLD_8,Sco,1,8
AB_PLD_8,Sco,2,13
AB_PLD_8,Sco,3,10
AC_PLD_1,Sco,1,10
AC_PLD_1,Sco,2,6
AC_PLD_1,Sco,3,13
AC_PLD_2,Sco,1,11
AC_PLD_2,Sco,2,14
AC_PLD_2,Sco,3,14
AC_PLD_3,Sco,1,10
AC_PLD_4,Sco,1,8
AC_PLD_4,Sco,2,7
AC_PLD_4,Sco,3,7
AC_PLD_5,Sco,1,8
AC_PLD_6,Sco,1,6
AC_PLD_6,Sco,2,8
AC_PLD_6,Sco,3,5
AC_PLD_7,Sco,1,9
AC_PLD_7,Sco,2,3
AC_PLD_7,Sco,3,7
AC_PLD_8,Sco,1,11
AD_PLF_1,Sco,1,11
AD_PLF_10,Sco,1,13
AD_PLF_10,Sco,2,13
AD_PLF_10,Sco,3,16
AD_PLF_11,Sco,1,5
AD_PLF_11,Sco,2,10
AD_PLF_11,Sco,3,6
AD_PLF_12,Sco,1,7
AD_PLF_12,Sco,2,9
AD_PLF_13,Sco,1,13
AD_PLF_13,Sco,2,7
AD_PLF_13,Sco,3,20
AD_PLF_14,Sco,1,13
AD_PLF_14,Sco,2,10
AD_PLF_14,Sco,3,12
AD_PLF_15,Sco,1,9
AD_PLF_15,Sco,2,8
AD_PLF_15,Sco,3,18
AD_PLF_16,Sco,1,8
AD_PLF_16,Sco,2,11
AD_PLF_16,Sco,3,9
AD_PLF_17,Sco,1,6
AD_PLF_17,Sco,2,6
AD_PLF_17,Sco,3,6
AD_PLF_18,Sco,1,16
AD_PLF_18,Sco,2,15
AD_PLF_18,Sco,3,21
AD_PLF_19,Sco,1,8
AD_PLF_19,Sco,2,6
AD_PLF_19,Sco,3,7
AD_PLF_2,Sco,1,14
AD_PLF_2,Sco,2,11
AD_PLF_2,Sco,3,13
AD_PLF_20,Sco,1,4
AD_PLF_20,Sco,2,9
AD_PLF_20,Sco,3,12
AD_PLF_21,Sco,2,14
AD_PLF_21,Sco,3,17
AD_PLF_22,Sco,1,9
AD_PLF_22,Sco,2,10
AD_PLF_22,Sco,3,12
AD_PLF_23,Sco,1,4
AD_PLF_24,Sco,1,8
AD_PLF_24,Sco,2,12
AD_PLF_24,Sco,3,13
AD_PLF_25,Sco,1,11
AD_PLF_25,Sco,2,18
AD_PLF_25,Sco,3,19
AD_PLF_26,Sco,1,11
AD_PLF_26,Sco,2,14
AD_PLF_26,Sco,3,18
AD_PLF_27,Sco,3,17
AD_PLF_3,Sco,1,5
AD_PLF_4,Sco,1,11
AD_PLF_4,Sco,2,12
AD_PLF_4,Sco,3,17
AD_PLF_6,Sco,1,6
AD_PLF_6,Sco,2,8
AD_PLF_6,Sco,3,8
AD_PLF_7,Sco,1,7
AD_PLF_7,Sco,2,11
AD_PLF_8,Sco,1,8
AD_PLF_8,Sco,2,10
AD_PLF_8,Sco,3,19
AD_PLF_9,Sco,1,11
AD_PLF_9,Sco,2,8
AD_PLF_9,Sco,3,16
AE_PLF_1,Sco,1,8
AE_PLF_1,Sco,2,5
AE_PLF_1,Sco,3,8
AE_PLF_2,Sco,2,13
AE_PLF_2,Sco,3,16
AE_PLF_4,Sco,1,12
AE_PLF_4,Sco,2,10
AE_PLF_4,Sco,3,11
AE_PLF_5,Sco,1,7
AE_PLF_5,Sco,2,8
AE_PLF_5,Sco,3,11
AE_PLF_6,Sco,1,5
AE_PLF_6,Sco,2,7
AE_PLF_6,Sco,3,11
AF_PLD_1,Sco,1,8
AF_PLD_1,Sco,2,11
AF_PLD_1,Sco,3,8
AF_PLD_2,Sco,1,11
AF_PLD_2,Sco,2,12
AF_PLD_2,Sco,3,9
AG_PLD_1,Sco,1,7
AG_PLD_1,Sco,2,5
AG_PLD_2,Sco,1,7
AG_PLD_2,Sco,3,7
AI_CP_10,Sco,1,11
AI_CP_10,Sco,2,18
AI_CP_10,Sco,3,15
AI_CP_11,Sco,1,19
AI_CP_11,Sco,3,21
AI_CP_12,Sco,1,17
AI_CP_12,Sco,2,20
AI_CP_12,Sco,3,21
AI_CP_14,Sco,1,4
AI_CP_14,Sco,2,12
AI_CP_14,Sco,3,19
AI_CP_15,Sco,1,9
AI_CP_15,Sco,2,14
AI_CP_15,Sco,3,19
AI_CP_16,Sco,1,17
AI_CP_16,Sco,2,14
AI_CP_16,Sco,3,20
AI_CP_17,Sco,1,18
AI_CP_17,Sco,2,20
AI_CP_17,Sco,3,21
AI_CP_18,Sco,2,4
AI_CP_19,Sco,2,20
AI_CP_19,Sco,3,21
AI_CP_2,Sco,1,18
AI_CP_2,Sco,2,21
AI_CP_2,Sco,3,21
AI_CP_3,Sco,1,13
AI_CP_3,Sco,2,19
AI_CP_3,Sco,3,16
AI_CP_4,Sco,1,15
AI_CP_4,Sco,2,18
AI_CP_4,Sco,3,18
AI_CP_5,Sco,1,16
AI_CP_5,Sco,2,17
AI_CP_5,Sco,3,18
AI_CP_6,Sco,1,11
AI_CP_6,Sco,2,16
AI_CP_6,Sco,3,16
AI_CP_7,Sco,1,11
AI_CP_7,Sco,2,15
AI_CP_7,Sco,3,20
AI_CP_8,Sco,1,12
AI_CP_8,Sco,2,21
AI_CP_8,Sco,3,18
AI_CP_9,Sco,1,10
AI_CP_9,Sco,2,19
AJ_CP_1,Sco,1,11
AJ_CP_1,Sco,2,15
AJ_CP_1,Sco,3,19
AJ_CP_10,Sco,1,10
AJ_CP_10,Sco,2,15
AJ_CP_10,Sco,3,12
AJ_CP_11,Sco,1,12
AJ_CP_11,Sco,2,9
AJ_CP_11,Sco,3,12
AJ_CP_12,Sco,1,0
AJ_CP_12,Sco,2,13
AJ_CP_12,Sco,3,14
AJ_CP_13,Sco,1,9
AJ_CP_13,Sco,2,9
AJ_CP_13,Sco,3,13
AJ_CP_14,Sco,1,15
AJ_CP_14,Sco,2,16
AJ_CP_14,Sco,3,17
AJ_CP_15,Sco,1,11
AJ_CP_15,Sco,2,14
AJ_CP_15,Sco,3,18
AJ_CP_17,Sco,1,15
AJ_CP_17,Sco,2,19
AJ_CP_17,Sco,3,20
AJ_CP_18,Sco,1,15
AJ_CP_18,Sco,2,21
AJ_CP_18,Sco,3,21
AJ_CP_19,Sco,1,14
AJ_CP_19,Sco,2,9
AJ_CP_19,Sco,3,14
AJ_CP_2,Sco,1,11
AJ_CP_2,Sco,2,15
AJ_CP_2,Sco,3,17
AJ_CP_20,Sco,1,11
AJ_CP_20,Sco,2,13
AJ_CP_20,Sco,3,18
AJ_CP_21,Sco,1,17
AJ_CP_21,Sco,2,16
AJ_CP_21,Sco,3,19
AJ_CP_23,Sco,1,12
AJ_CP_23,Sco,2,14
AJ_CP_24,Sco,1,18
AJ_CP_24,Sco,2,18
AJ_CP_24,Sco,3,19
AJ_CP_3,Sco,1,12
AJ_CP_3,Sco,2,17
AJ_CP_3,Sco,3,15
AJ_CP_5,Sco,1,13
AJ_CP_5,Sco,2,18
AJ_CP_5,Sco,3,18
AJ_CP_7,Sco,1,16
AJ_CP_7,Sco,2,16
AJ_CP_7,Sco,3,19
AJ_CP_8,Sco,1,17
AJ_CP_8,Sco,2,19
AJ_CP_8,Sco,3,18
AK_CP_1,Sco,1,12
AK_CP_1,Sco,2,12
AK_CP_1,Sco,3,14
AK_CP_12,Sco,1,11
AK_CP_12,Sco,3,17
AK_CP_13,Sco,1,13
AK_CP_13,Sco,2,15
AK_CP_13,Sco,3,16
AK_CP_15,Sco,1,16
AK_CP_15,Sco,2,15
AK_CP_15,Sco,3,18
AK_CP_16,Sco,1,11
AK_CP_16,Sco,2,14
AK_CP_16,Sco,3,18
AK_CP_17,Sco,1,9
AK_CP_17,Sco,2,18
AK_CP_17,Sco,3,18
AK_CP_19,Sco,1,16
AK_CP_19,Sco,2,18
AK_CP_19,Sco,3,18
AK_CP_2,Sco,1,15
AK_CP_2,Sco,2,15
AK_CP_2,Sco,3,19
AK_CP_21,Sco,1,13
AK_CP_21,Sco,2,17
AK_CP_21,Sco,3,19
AK_CP_22,Sco,1,15
AK_CP_22,Sco,3,19
AK_CP_23,Sco,1,16
AK_CP_23,Sco,2,18
AK_CP_23,Sco,3,18
AK_CP_25,Sco,1,16
AK_CP_25,Sco,2,17
AK_CP_25,Sco,3,18
AK_CP_3,Sco,1,18
AK_CP_3,Sco,2,18
AK_CP_3,Sco,3,19
AK_CP_5,Sco,1,8
AK_CP_5,Sco,2,18
AK_CP_5,Sco,3,0
AK_CP_6,Sco,1,13
AK_CP_6,Sco,2,15
AK_CP_6,Sco,3,18
AK_CP_7,Sco,1,17
AK_CP_7,Sco,2,17
AK_CP_8,Sco,1,10
AK_CP_8,Sco,2,12
AK_CP_8,Sco,3,19
AK_CP_9,Sco,1,16
AK_CP_9,Sco,2,18
AK_CP_9,Sco,3,19
AL_CP_1,Sco,1,8
AL_CP_1,Sco,2,13
AL_CP_1,Sco,3,17
AL_CP_10,Sco,1,12
AL_CP_10,Sco,2,13
AL_CP_10,Sco,3,17
AL_CP_11,Sco,1,11
AL_CP_11,Sco,2,18
AL_CP_11,Sco,3,18
AL_CP_12,Sco,1,18
AL_CP_12,Sco,2,15
AL_CP_12,Sco,3,19
AL_CP_13,Sco,1,10
AL_CP_13,Sco,2,18
AL_CP_14,Sco,1,16
AL_CP_14,Sco,2,18
AL_CP_14,Sco,3,17
AL_CP_15,Sco,1,8
AL_CP_15,Sco,2,17
AL_CP_15,Sco,3,19
AL_CP_16,Sco,1,15
AL_CP_16,Sco,2,17
AL_CP_16,Sco,3,19
AL_CP_17,Sco,1,12
AL_CP_17,Sco,2,16
AL_CP_17,Sco,3,16
AL_CP_18,Sco,1,8
AL_CP_18,Sco,2,11
AL_CP_18,Sco,3,8
AL_CP_19,Sco,1,8
AL_CP_19,Sco,2,12
AL_CP_2,Sco,1,16
AL_CP_2,Sco,2,13
AL_CP_2,Sco,3,14
AL_CP_20,Sco,1,16
AL_CP_20,Sco,2,16
AL_CP_20,Sco,3,11
AL_CP_21,Sco,1,14
AL_CP_21,Sco,2,13
AL_CP_21,Sco,3,18
AL_CP_22,Sco,1,13
AL_CP_22,Sco,2,18
AL_CP_22,Sco,3,17
AL_CP_23,Sco,1,9
AL_CP_23,Sco,2,8
AL_CP_23,Sco,3,16
AL_CP_24,Sco,1,9
AL_CP_24,Sco,2,10
AL_CP_24,Sco,3,18
AL_CP_3,Sco,1,11
AL_CP_3,Sco,2,9
AL_CP_3,Sco,3,9
AL_CP_4,Sco,1,14
AL_CP_4,Sco,2,11
AL_CP_4,Sco,3,8
AL_CP_5,Sco,1,13
AL_CP_5,Sco,2,14
AL_CP_6,Sco,1,19
AL_CP_6,Sco,2,17
AL_CP_6,Sco,3,19
AL_CP_7,Sco,1,14
AL_CP_7,Sco,2,13
AL_CP_7,Sco,3,20
AL_CP_8,Sco,1,0
AL_CP_8,Sco,2,14
AL_CP_8,Sco,3,18
AL_CP_9,Sco,1,14
AL_CP_9,Sco,2,11
AL_CP_9,Sco,3,16
A_PLF_1,Sco,1,6
A_PLF_1,Sco,2,12
A_PLF_1,Sco,3,12
A_PLF_10,Sco,1,5
A_PLF_10,Sco,2,7
A_PLF_10,Sco,3,12
A_PLF_12,Sco,1,9
A_PLF_12,Sco,2,16
A_PLF_12,Sco,3,18
A_PLF_13,Sco,1,9
A_PLF_13,Sco,2,4
A_PLF_13,Sco,3,9
A_PLF_14,Sco,1,6
A_PLF_14,Sco,2,8
A_PLF_14,Sco,3,7
A_PLF_15,Sco,1,9
A_PLF_15,Sco,2,7
A_PLF_15,Sco,3,15
A_PLF_16,Sco,1,11
A_PLF_16,Sco,2,10
A_PLF_16,Sco,3,15
A_PLF_17,Sco,1,10
A_PLF_17,Sco,2,15
A_PLF_17,Sco,3,7
A_PLF_19,Sco,1,10
A_PLF_19,Sco,2,11
A_PLF_19,Sco,3,16
A_PLF_2,Sco,1,5
A_PLF_2,Sco,2,6
A_PLF_2,Sco,3,12
A_PLF_3,Sco,1,8
A_PLF_3,Sco,2,8
A_PLF_3,Sco,3,8
A_PLF_4,Sco,2,7
A_PLF_4,Sco,3,10
A_PLF_5,Sco,1,5
A_PLF_5,Sco,2,8
A_PLF_5,Sco,3,16
A_PLF_6,Sco,1,9
A_PLF_6,Sco,2,8
A_PLF_7,Sco,1,9
A_PLF_7,Sco,2,7
A_PLF_7,Sco,3,13
A_PLF_8,Sco,1,6
A_PLF_8,Sco,2,7
A_PLF_8,Sco,3,8
A_PLF_9,Sco,1,13
A_PLF_9,Sco,2,15
A_PLF_9,Sco,3,17
C_PLF_1,Sco,1,13
C_PLF_1,Sco,2,17
C_PLF_1,Sco,3,19
C_PLF_16,Sco,1,19
C_PLF_16,Sco,2,19
C_PLF_16,Sco,3,19
C_PLF_19,Sco,1,16
C_PLF_19,Sco,2,18
C_PLF_19,Sco,3,16
C_PLF_30,Sco,1,14
C_PLF_30,Sco,2,13
C_PLF_30,Sco,3,18
C_PLF_7,Sco,3,17
D_PLF_1,Sco,1,4
D_PLF_1,Sco,2,12
D_PLF_1,Sco,3,15
D_PLF_10,Sco,3,11
D_PLF_2,Sco,1,19
D_PLF_2,Sco,2,14
D_PLF_2,Sco,3,19
D_PLF_3,Sco,1,18
D_PLF_3,Sco,2,18
D_PLF_3,Sco,3,20
D_PLF_4,Sco,1,11
D_PLF_4,Sco,2,9
D_PLF_4,Sco,3,13
D_PLF_5,Sco,1,5
D_PLF_5,Sco,2,9
D_PLF_5,Sco,3,11
D_PLF_6,Sco,1,7
D_PLF_6,Sco,2,8
D_PLF_6,Sco,3,7
D_PLF_7,Sco,1,7
D_PLF_7,Sco,2,11
D_PLF_7,Sco,3,15
D_PLF_8,Sco,2,11
D_PLF_8,Sco,3,11
D_PLF_9,Sco,3,18
E_PLD_1,Sco,1,10
E_PLD_1,Sco,2,13
E_PLD_1,Sco,3,15
E_PLD_10,Sco,1,10
E_PLD_10,Sco,2,11
E_PLD_10,Sco,3,13
E_PLD_11,Sco,1,5
E_PLD_11,Sco,2,14
E_PLD_12,Sco,2,4
E_PLD_12,Sco,3,7
E_PLD_13,Sco,1,10
E_PLD_13,Sco,2,10
E_PLD_13,Sco,3,11
E_PLD_14,Sco,1,8
E_PLD_14,Sco,2,11
E_PLD_14,Sco,3,16
E_PLD_15,Sco,1,14
E_PLD_15,Sco,3,11
E_PLD_16,Sco,1,5
E_PLD_16,Sco,2,8
E_PLD_16,Sco,3,11
E_PLD_18,Sco,1,6
E_PLD_18,Sco,2,7
E_PLD_18,Sco,3,11
E_PLD_2,Sco,1,3
E_PLD_2,Sco,3,8
E_PLD_3,Sco,1,9
E_PLD_3,Sco,2,9
E_PLD_3,Sco,3,8
E_PLD_4,Sco,1,7
E_PLD_4,Sco,2,9
E_PLD_4,Sco,3,9
E_PLD_5,Sco,1,6
E_PLD_5,Sco,2,6
E_PLD_5,Sco,3,11
E_PLD_6,Sco,1,8
E_PLD_6,Sco,2,8
E_PLD_6,Sco,3,13
E_PLD_7,Sco,1,3
E_PLD_7,Sco,2,10
E_PLD_7,Sco,3,7
E_PLD_8,Sco,1,6
E_PLD_8,Sco,2,12
E_PLD_8,Sco,3,17
E_PLD_9,Sco,1,8
E_PLD_9,Sco,2,12
E_PLD_9,Sco,3,12
F_PLD_3,Sco,1,8
F_PLD_3,Sco,2,9
F_PLD_3,Sco,3,13
F_PLD_4,Sco,1,7
F_PLD_4,Sco,2,5
F_PLD_4,Sco,3,8
F_PLD_5,Sco,1,8
F_PLD_5,Sco,2,10
F_PLD_6,Sco,1,9
F_PLD_6,Sco,2,6
F_PLD_6,Sco,3,10
F_PLD_7,Sco,1,7
F_PLD_7,Sco,2,12
F_PLD_7,Sco,3,10
F_PLD_8,Sco,1,6
F_PLD_8,Sco,2,6
F_PLD_8,Sco,3,8
F_PLD_9,Sco,1,5
F_PLD_9,Sco,2,7
F_PLD_9,Sco,3,9
H_PLD_12,Sco,1,8
H_PLD_12,Sco,2,8
H_PLD_12,Sco,3,13
H_PLD_2,Sco,1,10
H_PLD_2,Sco,2,13
H_PLD_2,Sco,3,10
H_PLD_4,Sco,1,5
H_PLD_4,Sco,2,8
H_PLD_5,Sco,1,4
H_PLD_6,Sco,1,8
H_PLD_6,Sco,2,11
H_PLD_7,Sco,1,10
H_PLD_7,Sco,3,8
H_PLD_9,Sco,2,17
H_PLD_9,Sco,3,12
I_PLD_3,Sco,1,7
I_PLD_3,Sco,2,8
I_PLD_3,Sco,3,7
I_PLD_4,Sco,1,8
I_PLD_4,Sco,2,8
I_PLD_4,Sco,3,7
J_PLD_1,Sco,1,4
J_PLD_1,Sco,2,7
J_PLD_2,Sco,3,10
J_PLD_4,Sco,1,10
J_PLD_4,Sco,2,10
J_PLD_4,Sco,3,15
J_PLD_5,Sco,1,6
J_PLD_5,Sco,2,10
J_PLD_5,Sco,3,16
J_PLD_6,Sco,1,7
J_PLD_6,Sco,2,6
J_PLD_6,Sco,3,4
J_PLD_8,Sco,1,6
J_PLD_8,Sco,2,8
J_PLD_8,Sco,3,13
L_PLD_1,Sco,1,1
L_PLD_1,Sco,2,7
L_PLD_10,Sco,1,3
L_PLD_10,Sco,2,4
L_PLD_11,Sco,1,4
L_PLD_11,Sco,2,6
L_PLD_13,Sco,3,13
L_PLD_14,Sco,1,6
L_PLD_14,Sco,2,8
L_PLD_14,Sco,3,9
L_PLD_16,Sco,1,9
L_PLD_16,Sco,2,11
L_PLD_17,Sco,1,9
L_PLD_17,Sco,2,11
L_PLD_17,Sco,3,15
L_PLD_18,Sco,1,6
L_PLD_18,Sco,2,9
L_PLD_18,Sco,3,8
L_PLD_19,Sco,3,5
L_PLD_2,Sco,1,6
L_PLD_2,Sco,2,9
L_PLD_2,Sco,3,6
L_PLD_3,Sco,1,7
L_PLD_3,Sco,2,8
L_PLD_3,Sco,3,7
L_PLD_4,Sco,1,6
L_PLD_4,Sco,2,5
L_PLD_4,Sco,3,7
L_PLD_5,Sco,1,5
L_PLD_5,Sco,2,10
L_PLD_5,Sco,3,11
L_PLD_6,Sco,1,4
L_PLD_6,Sco,2,6
L_PLD_7,Sco,1,8
L_PLD_7,Sco,2,9
L_PLD_8,Sco,3,12
L_PLD_9,Sco,3,10
M_PLD_1,Sco,1,10
M_PLD_1,Sco,2,13
M_PLD_1,Sco,3,13
M_PLD_10,Sco,1,3
M_PLD_10,Sco,3,11
M_PLD_11,Sco,1,9
M_PLD_11,Sco,2,16
M_PLD_11,Sco,3,17
M_PLD_12,Sco,1,13
M_PLD_12,Sco,3,14
M_PLD_13,Sco,1,8
M_PLD_13,Sco,2,14
M_PLD_13,Sco,3,8
M_PLD_14,Sco,1,2
M_PLD_14,Sco,2,8
M_PLD_16,Sco,2,6
M_PLD_2,Sco,1,6
M_PLD_2,Sco,2,6
M_PLD_2,Sco,3,10
M_PLD_3,Sco,1,12
M_PLD_3,Sco,2,11
M_PLD_3,Sco,3,7
M_PLD_4,Sco,1,9
M_PLD_4,Sco,2,14
M_PLD_4,Sco,3,11
M_PLD_5,Sco,1,2
M_PLD_5,Sco,2,5
M_PLD_5,Sco,3,4
M_PLD_6,Sco,1,7
M_PLD_6,Sco,2,7
M_PLD_6,Sco,3,5
M_PLD_7,Sco,1,7
M_PLD_7,Sco,3,8
M_PLD_8,Sco,1,6
M_PLD_8,Sco,2,7
M_PLD_8,Sco,3,8
M_PLD_9,Sco,1,4
M_PLD_9,Sco,2,9
M_PLD_9,Sco,3,10
N_CD_1,Sco,1,9
N_CD_1,Sco,2,8
N_CD_1,Sco,3,13
N_CD_10,Sco,1,14
N_CD_10,Sco,2,17
N_CD_11,Sco,1,10
N_CD_11,Sco,2,13
N_CD_11,Sco,3,10
N_CD_12,Sco,1,7
N_CD_12,Sco,2,16
N_CD_12,Sco,3,10
N_CD_13,Sco,1,4
N_CD_13,Sco,2,8
N_CD_13,Sco,3,11
N_CD_14,Sco,1,6
N_CD_14,Sco,2,7
N_CD_16,Sco,1,7
N_CD_16,Sco,2,15
N_CD_16,Sco,3,14
N_CD_17,Sco,1,7
N_CD_17,Sco,2,8
N_CD_17,Sco,3,13
N_CD_18,Sco,1,6
N_CD_18,Sco,2,15
N_CD_18,Sco,3,15
N_CD_19,Sco,1,3
N_CD_19,Sco,2,9
N_CD_19,Sco,3,13
N_CD_2,Sco,1,8
N_CD_2,Sco,2,6
N_CD_2,Sco,3,12
N_CD_20,Sco,1,7
N_CD_20,Sco,2,10
N_CD_20,Sco,3,15
N_CD_21,Sco,1,10
N_CD_3,Sco,1,7
N_CD_3,Sco,2,7
N_CD_3,Sco,3,11
N_CD_4,Sco,1,8
N_CD_4,Sco,2,11
N_CD_4,Sco,3,10
N_CD_5,Sco,1,13
N_CD_5,Sco,2,13
N_CD_5,Sco,3,15
N_CD_6,Sco,1,14
N_CD_6,Sco,2,13
N_CD_6,Sco,3,16
N_CD_7,Sco,1,10
N_CD_7,Sco,2,14
N_CD_7,Sco,3,13
N_CD_8,Sco,1,4
N_CD_8,Sco,2,9
N_CD_8,Sco,3,14
N_CD_9,Sco,1,13
N_CD_9,Sco,2,10
N_CD_9,Sco,3,17
O_PLD_1,Sco,2,9
O_PLD_1,Sco,3,14
O_PLD_10,Sco,1,6
O_PLD_10,Sco,2,7
O_PLD_11,Sco,1,10
O_PLD_11,Sco,2,11
O_PLD_11,Sco,3,11
O_PLD_12,Sco,1,11
O_PLD_12,Sco,2,11
O_PLD_12,Sco,3,10
O_PLD_13,Sco,1,10
O_PLD_13,Sco,2,9
O_PLD_14,Sco,1,7
O_PLD_14,Sco,2,8
O_PLD_14,Sco,3,8
O_PLD_15,Sco,1,11
O_PLD_15,Sco,2,11
O_PLD_15,Sco,3,14
O_PLD_16,Sco,1,12
O_PLD_16,Sco,2,12
O_PLD_16,Sco,3,13
O_PLD_17,Sco,1,6
O_PLD_17,Sco,2,8
O_PLD_17,Sco,3,12
O_PLD_19,Sco,1,9
O_PLD_19,Sco,2,10
O_PLD_19,Sco,3,13
O_PLD_2,Sco,1,9
O_PLD_2,Sco,2,11
O_PLD_2,Sco,3,12
O_PLD_20,Sco,1,2
O_PLD_20,Sco,2,14
O_PLD_20,Sco,3,11
O_PLD_21,Sco,3,17
O_PLD_3,Sco,2,8
O_PLD_4,Sco,1,9
O_PLD_4,Sco,2,9
O_PLD_4,Sco,3,7
O_PLD_5,Sco,3,9
O_PLD_6,Sco,1,3
O_PLD_6,Sco,3,14
O_PLD_7,Sco,1,7
O_PLD_8,Sco,3,6
O_PLD_9,Sco,1,8
O_PLD_9,Sco,3,14
P_CF_1,Sco,1,12
P_CF_1,Sco,2,17
P_CF_1,Sco,3,17
P_CF_10,Sco,1,7
P_CF_10,Sco,2,12
P_CF_10,Sco,3,12
P_CF_11,Sco,1,13
P_CF_11,Sco,2,16
P_CF_11,Sco,3,16
P_CF_12,Sco,1,8
P_CF_12,Sco,2,11
P_CF_12,Sco,3,16
P_CF_17,Sco,2,9
P_CF_17,Sco,3,13
P_CF_2,Sco,1,13
P_CF_2,Sco,3,14
P_CF_3,Sco,1,9
P_CF_3,Sco,2,10
P_CF_3,Sco,3,12
P_CF_4,Sco,1,8
P_CF_4,Sco,2,12
P_CF_4,Sco,3,14
P_CF_5,Sco,1,13
P_CF_5,Sco,2,7
P_CF_6,Sco,1,7
P_CF_6,Sco,2,9
P_CF_6,Sco,3,14
P_CF_7,Sco,1,13
P_CF_7,Sco,2,12
P_CF_8,Sco,2,11
P_CF_8,Sco,3,18
P_CF_9,Sco,1,19
P_CF_9,Sco,2,19
P_CF_9,Sco,3,21
Q_CF_10,Sco,1,7
Q_CF_10,Sco,2,6
Q_CF_10,Sco,3,12
Q_CF_11,Sco,1,4
Q_CF_11,Sco,2,8
Q_CF_11,Sco,3,12
Q_CF_14,Sco,1,14
Q_CF_14,Sco,2,12
Q_CF_14,Sco,3,17
Q_CF_15,Sco,1,16
Q_CF_15,Sco,2,16
Q_CF_15,Sco,3,16
Q_CF_17,Sco,1,5
Q_CF_17,Sco,2,6
Q_CF_17,Sco,3,13
Q_CF_2,Sco,1,17
Q_CF_2,Sco,2,17
Q_CF_2,Sco,3,18
Q_CF_3,Sco,1,18
Q_CF_3,Sco,2,18
Q_CF_3,Sco,3,17
Q_CF_4,Sco,1,1
Q_CF_4,Sco,2,4
Q_CF_5,Sco,1,12
Q_CF_5,Sco,2,15
Q_CF_5,Sco,3,14
Q_CF_6,Sco,1,9
Q_CF_6,Sco,2,14
Q_CF_6,Sco,3,17
Q_CF_7,Sco,1,10
Q_CF_7,Sco,2,18
Q_CF_7,Sco,3,19
Q_CF_8,Sco,1,14
Q_CF_8,Sco,2,12
Q_CF_8,Sco,3,20
Q_CF_9,Sco,1,14
Q_CF_9,Sco,2,18
Q_CF_9,Sco,3,17
R_CF_1,Sco,1,14
R_CF_1,Sco,2,18
R_CF_1,Sco,3,21
R_CF_11,Sco,1,14
R_CF_11,Sco,2,17
R_CF_11,Sco,3,16
R_CF_12,Sco,1,7
R_CF_12,Sco,3,11
R_CF_13,Sco,1,4
R_CF_13,Sco,2,16
R_CF_13,Sco,3,7
R_CF_14,Sco,1,6
R_CF_14,Sco,2,9
R_CF_14,Sco,3,14
R_CF_15,Sco,1,16
R_CF_15,Sco,2,18
R_CF_15,Sco,3,19
R_CF_16,Sco,1,12
R_CF_16,Sco,2,13
R_CF_16,Sco,3,13
R_CF_17,Sco,1,7
R_CF_17,Sco,2,7
R_CF_17,Sco,3,15
R_CF_2,Sco,1,6
R_CF_2,Sco,2,6
R_CF_2,Sco,3,6
R_CF_20,Sco,1,5
R_CF_20,Sco,2,14
R_CF_21,Sco,2,9
R_CF_21,Sco,3,14
R_CF_3,Sco,1,7
R_CF_3,Sco,2,10
R_CF_3,Sco,3,13
R_CF_4,Sco,1,12
R_CF_4,Sco,2,18
R_CF_4,Sco,3,18
R_CF_5,Sco,1,11
R_CF_5,Sco,2,8
R_CF_5,Sco,3,9
R_CF_6,Sco,1,14
R_CF_6,Sco,2,16
R_CF_6,Sco,3,18
R_CF_7,Sco,1,14
R_CF_7,Sco,2,11
R_CF_7,Sco,3,9
R_CF_8,Sco,1,16
R_CF_8,Sco,2,16
R_CF_8,Sco,3,19
R_CF_9,Sco,1,10
R_CF_9,Sco,2,9
S_CD_1,Sco,1,8
S_CD_1,Sco,2,10
S_CD_1,Sco,3,13
S_CD_10,Sco,1,10
S_CD_10,Sco,2,11
S_CD_10,Sco,3,12
S_CD_11,Sco,1,14
S_CD_11,Sco,2,16
S_CD_11,Sco,3,21
S_CD_12,Sco,1,5
S_CD_12,Sco,2,14
S_CD_12,Sco,3,16
S_CD_13,Sco,1,7
S_CD_13,Sco,2,16
S_CD_13,Sco,3,16
S_CD_14,Sco,1,7
S_CD_14,Sco,2,8
S_CD_14,Sco,3,17
S_CD_2,Sco,1,5
S_CD_2,Sco,2,5
S_CD_2,Sco,3,10
S_CD_3,Sco,1,7
S_CD_3,Sco,2,7
S_CD_3,Sco,3,7
S_CD_4,Sco,1,5
S_CD_4,Sco,2,10
S_CD_4,Sco,3,14
S_CD_5,Sco,1,7
S_CD_5,Sco,2,8
S_CD_5,Sco,3,16
S_CD_6,Sco,1,10
S_CD_6,Sco,2,13
S_CD_6,Sco,3,8
S_CD_7,Sco,1,11
S_CD_7,Sco,2,10
S_CD_7,Sco,3,15
S_CD_8,Sco,1,9
S_CD_8,Sco,2,10
S_CD_8,Sco,3,6
S_CD_9,Sco,1,6
S_CD_9,Sco,2,11
S_CD_9,Sco,3,7
T_CF_1,Sco,1,15
T_CF_1,Sco,2,16
T_CF_1,Sco,3,18
T_CF_10,Sco,1,7
T_CF_10,Sco,2,14
T_CF_10,Sco,3,16
T_CF_11,Sco,1,2
T_CF_11,Sco,2,9
T_CF_11,Sco,3,2
T_CF_13,Sco,2,14
T_CF_13,Sco,3,16
T_CF_14,Sco,1,8
T_CF_15,Sco,1,10
T_CF_15,Sco,3,17
T_CF_17,Sco,1,16
T_CF_17,Sco,2,18
T_CF_17,Sco,3,17
T_CF_18,Sco,1,5
T_CF_18,Sco,2,15
T_CF_18,Sco,3,16
T_CF_19,Sco,1,16
T_CF_19,Sco,2,18
T_CF_19,Sco,3,18
T_CF_2,Sco,1,12
T_CF_2,Sco,2,11
T_CF_2,Sco,3,14
T_CF_20,Sco,1,8
T_CF_20,Sco,2,11
T_CF_20,Sco,3,16
T_CF_21,Sco,1,15
T_CF_21,Sco,2,16
T_CF_3,Sco,1,8
T_CF_3,Sco,2,13
T_CF_3,Sco,3,16
T_CF_6,Sco,1,9
T_CF_6,Sco,2,13
T_CF_6,Sco,3,18
T_CF_7,Sco,1,6
T_CF_7,Sco,2,14
T_CF_8,Sco,1,12
T_CF_8,Sco,2,13
T_CF_9,Sco,1,11
T_CF_9,Sco,2,11
T_CF_9,Sco,3,16
U_CD_1,Sco,1,4
U_CD_1,Sco,2,10
U_CD_1,Sco,3,8
U_CD_10,Sco,1,9
U_CD_10,Sco,2,11
U_CD_10,Sco,3,15
U_CD_11,Sco,1,8
U_CD_11,Sco,2,16
U_CD_11,Sco,3,15
U_CD_12,Sco,1,9
U_CD_12,Sco,2,14
U_CD_12,Sco,3,5
U_CD_13,Sco,1,5
U_CD_13,Sco,2,10
U_CD_13,Sco,3,18
U_CD_14,Sco,1,9
U_CD_14,Sco,2,16
U_CD_14,Sco,3,9
U_CD_15,Sco,1,5
U_CD_15,Sco,2,15
U_CD_2,Sco,1,7
U_CD_2,Sco,3,15
U_CD_3,Sco,1,3
U_CD_3,Sco,2,10
U_CD_3,Sco,3,7
U_CD_4,Sco,1,7
U_CD_4,Sco,2,11
U_CD_4,Sco,3,9
U_CD_5,Sco,1,10
U_CD_5,Sco,2,16
U_CD_5,Sco,3,14
U_CD_6,Sco,1,5
U_CD_6,Sco,2,12
U_CD_6,Sco,3,15
U_CD_7,Sco,1,9
U_CD_7,Sco,2,14
U_CD_7,Sco,3,16
U_CD_8,Sco,1,13
U_CD_8,Sco,2,16
U_CD_8,Sco,3,17
U_CD_9,Sco,1,11
U_CD_9,Sco,2,15
U_CD_9,Sco,3,17
V_CD_1,Sco,2,9
V_CD_1,Sco,3,7
V_CD_10,Sco,1,10
V_CD_10,Sco,2,10
V_CD_10,Sco,3,14
V_CD_11,Sco,1,8
V_CD_11,Sco,2,12
V_CD_11,Sco,3,8
V_CD_12,Sco,1,14
V_CD_12,Sco,2,16
V_CD_12,Sco,3,14
V_CD_13,Sco,1,7
V_CD_13,Sco,2,12
V_CD_13,Sco,3,10
V_CD_14,Sco,1,9
V_CD_14,Sco,2,10
V_CD_14,Sco,3,11
V_CD_15,Sco,1,9
V_CD_15,Sco,2,8
V_CD_15,Sco,3,13
V_CD_16,Sco,1,11
V_CD_16,Sco,2,13
V_CD_16,Sco,3,14
V_CD_17,Sco,1,8
V_CD_17,Sco,2,11
V_CD_17,Sco,3,14
V_CD_18,Sco,1,12
V_CD_18,Sco,2,14
V_CD_18,Sco,3,16
V_CD_19,Sco,1,12
V_CD_19,Sco,2,16
V_CD_19,Sco,3,13
V_CD_2,Sco,1,7
V_CD_2,Sco,2,11
V_CD_2,Sco,3,8
V_CD_20,Sco,1,11
V_CD_20,Sco,2,15
V_CD_20,Sco,3,17
V_CD_21,Sco,1,11
V_CD_21,Sco,2,15
V_CD_21,Sco,3,12
V_CD_22,Sco,1,7
V_CD_22,Sco,2,10
V_CD_22,Sco,3,8
V_CD_23,Sco,1,13
V_CD_23,Sco,2,11
V_CD_23,Sco,3,14
V_CD_24,Sco,1,13
V_CD_24,Sco,2,15
V_CD_24,Sco,3,14
V_CD_25,Sco,1,13
V_CD_25,Sco,2,12
V_CD_26,Sco,1,10
V_CD_26,Sco,2,15
V_CD_26,Sco,3,15
V_CD_27,Sco,1,12
V_CD_27,Sco,2,14
V_CD_27,Sco,3,13
V_CD_28,Sco,1,9
V_CD_28,Sco,2,14
V_CD_28,Sco,3,15
V_CD_29,Sco,1,9
V_CD_29,Sco,2,7
V_CD_29,Sco,3,8
V_CD_3,Sco,1,8
V_CD_3,Sco,2,13
V_CD_3,Sco,3,8
V_CD_30,Sco,1,12
V_CD_30,Sco,2,10
V_CD_30,Sco,3,14
V_CD_31,Sco,1,10
V_CD_31,Sco,2,7
V_CD_31,Sco,3,8
V_CD_4,Sco,1,11
V_CD_4,Sco,2,14
V_CD_4,Sco,3,8
V_CD_5,Sco,1,10
V_CD_5,Sco,2,11
V_CD_5,Sco,3,14
V_CD_6,Sco,1,13
V_CD_6,Sco,2,15
V_CD_6,Sco,3,13
V_CD_7,Sco,1,10
V_CD_7,Sco,2,12
V_CD_7,Sco,3,11
V_CD_8,Sco,1,6
V_CD_8,Sco,2,16
V_CD_8,Sco,3,13
V_CD_9,Sco,1,14
V_CD_9,Sco,2,17
V_CD_9,Sco,3,15
W_CF_1,Sco,1,12
W_CF_1,Sco,2,13
W_CF_1,Sco,3,17
W_CF_10,Sco,1,4
W_CF_10,Sco,2,17
W_CF_10,Sco,3,16
W_CF_11,Sco,1,11
W_CF_11,Sco,3,15
W_CF_12,Sco,1,6
W_CF_12,Sco,2,12
W_CF_12,Sco,3,17
W_CF_13,Sco,1,17
W_CF_13,Sco,2,16
W_CF_13,Sco,3,18
W_CF_14,Sco,1,5
W_CF_14,Sco,2,6
W_CF_14,Sco,3,12
W_CF_15,Sco,1,8
W_CF_15,Sco,2,17
W_CF_15,Sco,3,17
W_CF_16,Sco,1,6
W_CF_16,Sco,2,17
W_CF_16,Sco,3,15
W_CF_17,Sco,1,7
W_CF_17,Sco,2,6
W_CF_17,Sco,3,15
W_CF_20,Sco,1,5
W_CF_20,Sco,2,9
W_CF_20,Sco,3,15
W_CF_21,Sco,2,12
W_CF_22,Sco,2,14
W_CF_22,Sco,3,13
W_CF_3,Sco,1,18
W_CF_3,Sco,2,14
W_CF_3,Sco,3,17
W_CF_4,Sco,1,11
W_CF_4,Sco,2,11
W_CF_4,Sco,3,10
W_CF_5,Sco,1,2
W_CF_5,Sco,2,2
W_CF_5,Sco,3,8
W_CF_6,Sco,1,7
W_CF_6,Sco,2,18
W_CF_6,Sco,3,18
W_CF_7,Sco,1,12
W_CF_7,Sco,2,14
W_CF_7,Sco,3,18
W_CF_8,Sco,1,13
W_CF_8,Sco,3,14
W_CF_9,Sco,1,5
W_CF_9,Sco,2,4
W_CF_9,Sco,3,10
X_PND_1,Sco,1,5
X_PND_1,Sco,2,6
X_PND_1,Sco,3,8
X_PND_2,Sco,1,6
X_PND_2,Sco,2,12
X_PND_2,Sco,3,14
X_PND_3,Sco,1,10
X_PND_3,Sco,2,14
X_PND_3,Sco,3,12
X_PND_4,Sco,1,14
X_PND_4,Sco,2,11
X_PND_4,Sco,3,16
Y_PNF_1,Sco,1,7
Y_PNF_1,Sco,2,11
Y_PNF_10,Sco,3,16
Y_PNF_11,Sco,1,14
Y_PNF_11,Sco,2,13
Y_PNF_12,Sco,1,15
Y_PNF_12,Sco,2,10
Y_PNF_12,Sco,3,19
Y_PNF_13,Sco,2,6
Y_PNF_13,Sco,3,19
Y_PNF_14,Sco,1,9
Y_PNF_14,Sco,2,11
Y_PNF_14,Sco,3,17
Y_PNF_15,Sco,1,12
Y_PNF_15,Sco,2,9
Y_PNF_15,Sco,3,14
Y_PNF_16,Sco,1,14
Y_PNF_16,Sco,2,11
Y_PNF_16,Sco,3,11
Y_PNF_17,Sco,1,8
Y_PNF_17,Sco,2,12
Y_PNF_17,Sco,3,14
Y_PNF_18,Sco,2,11
Y_PNF_18,Sco,3,11
Y_PNF_19,Sco,2,17
Y_PNF_2,Sco,1,13
Y_PNF_2,Sco,2,18
Y_PNF_2,Sco,3,16
Y_PNF_20,Sco,1,9
Y_PNF_20,Sco,2,12
Y_PNF_20,Sco,3,17
Y_PNF_22,Sco,1,6
Y_PNF_22,Sco,2,12
Y_PNF_22,Sco,3,12
Y_PNF_23,Sco,1,14
Y_PNF_23,Sco,2,19
Y_PNF_23,Sco,3,10
Y_PNF_24,Sco,2,9
Y_PNF_24,Sco,3,16
Y_PNF_25,Sco,1,7
Y_PNF_25,Sco,2,11
Y_PNF_25,Sco,3,5
Y_PNF_26,Sco,2,7
Y_PNF_26,Sco,3,11
Y_PNF_27,Sco,1,11
Y_PNF_27,Sco,2,7
Y_PNF_27,Sco,3,10
Y_PNF_28,Sco,1,7
Y_PNF_28,Sco,2,13
Y_PNF_28,Sco,3,14
Y_PNF_29,Sco,2,13
Y_PNF_29,Sco,3,5
Y_PNF_3,Sco,1,13
Y_PNF_3,Sco,2,17
Y_PNF_3,Sco,3,11
Y_PNF_30,Sco,1,14
Y_PNF_31,Sco,1,8
Y_PNF_31,Sco,2,8
Y_PNF_31,Sco,3,12
Y_PNF_32,Sco,1,11
Y_PNF_32,Sco,2,19
Y_PNF_32,Sco,3,17
Y_PNF_33,Sco,1,9
Y_PNF_33,Sco,2,14
Y_PNF_33,Sco,3,17
Y_PNF_34,Sco,1,7
Y_PNF_34,Sco,2,9
Y_PNF_34,Sco,3,11
Y_PNF_36,Sco,1,7
Y_PNF_36,Sco,2,15
Y_PNF_36,Sco,3,14
Y_PNF_4,Sco,1,11
Y_PNF_4,Sco,2,10
Y_PNF_4,Sco,3,11
Y_PNF_5,Sco,1,11
Y_PNF_5,Sco,2,11
Y_PNF_5,Sco,3,11
Y_PNF_6,Sco,1,9
Y_PNF_6,Sco,2,8
Y_PNF_6,Sco,3,6
Y_PNF_7,Sco,1,13
Y_PNF_7,Sco,2,11
Y_PNF_7,Sco,3,10
Y_PNF_8,Sco,1,11
Y_PNF_8,Sco,2,11
Y_PNF_8,Sco,3,8
Y_PNF_9,Sco,1,14
Y_PNF_9,Sco,2,15
Y_PNF_9,Sco,3,16
Z_PLF_2,Sco,1,8
Z_PLF_2,Sco,3,15
Z_PLF_3,Sco,1,12
Z_PLF_3,Sco,3,10
Z_PLF_4,Sco,1,8
Z_PLF_4,Sco,3,17
Z_PLF_5,Sco,1,5
Z_PLF_5,Sco,2,8
Z_PLF_5,Sco,3,14
Z_PLF_6,Sco,1,6
Z_PLF_6,Sco,2,10
Z_PLF_6,Sco,3,14
Z_PLF_7,Sco,1,8
Z_PLF_7,Sco,2,12
Z_PLF_7,Sco,3,15
Z_PLF_8,Sco,1,8
Z_PLF_8,Sco,2,16
Z_PLF_8,Sco,3,16
